user_id,user_segment,location_city,device_type,user_tenure_days,total_events,total_sessions,active_days,total_logins,total_transactions,total_amount_naira,engagement_score,last_active_date,first_active_date,days_since_active,lifecycle_stage
USR00441,power,Benin City,android,327,750,129,62,129.0,148.0,15823990.12,142.3,2024-03-30,2024-01-01,1,Active
USR00080,power,Benin City,web,273,742,127,72,127.0,147.0,19903478.25,141.0,2024-03-29,2024-01-02,2,Active
USR00049,power,Port Harcourt,android,236,694,119,60,119.0,140.0,14965452.0,133.7,2024-03-29,2024-01-01,2,Active
USR00008,power,Port Harcourt,ios,22,704,119,71,119.0,140.0,16372237.64,133.7,2024-03-28,2024-01-01,3,Active
USR00325,power,Abuja,android,235,741,129,65,129.0,131.0,16590083.35,130.4,2024-03-30,2024-01-01,1,Active
USR00500,power,Ibadan,web,135,678,119,60,119.0,135.0,15450262.89,130.2,2024-03-29,2024-01-02,2,Active
USR00102,power,Kano,ios,104,738,128,68,128.0,131.0,17750527.72,130.1,2024-03-30,2024-01-01,1,Active
USR00351,power,Enugu,android,219,698,120,64,120.0,131.0,14873598.45,127.7,2024-03-30,2024-01-02,1,Active
USR00152,power,Ibadan,ios,174,703,118,65,118.0,129.0,13740824.05,125.7,2024-03-30,2024-01-01,1,Active
USR00306,power,Lagos,android,202,688,120,67,120.0,127.0,13547084.8,124.9,2024-03-30,2024-01-04,1,Active
USR00305,power,Lagos,android,23,637,107,63,107.0,131.0,15977625.22,123.8,2024-03-29,2024-01-01,2,Active
USR00005,power,Kano,android,227,661,115,64,115.0,126.0,13125486.43,122.7,2024-03-29,2024-01-01,2,Active
USR00356,power,Enugu,android,303,678,120,64,120.0,121.0,11399973.32,120.7,2024-03-30,2024-01-01,1,Active
USR00137,power,Ibadan,android,163,669,119,62,119.0,118.0,11114994.79,118.3,2024-03-28,2024-01-01,3,Active
USR00084,power,Ibadan,ios,321,707,121,67,121.0,113.0,13284465.62,115.4,2024-03-29,2024-01-01,2,Active
USR00109,power,Kano,android,204,631,106,61,106.0,119.0,15421509.44,115.1,2024-03-29,2024-01-05,2,Active
USR00529,power,Kano,android,152,643,114,63,114.0,110.0,11583209.27,111.2,2024-03-30,2024-01-01,1,Active
USR00092,power,Port Harcourt,android,286,606,102,63,102.0,114.0,11177909.0,110.4,2024-03-29,2024-01-01,2,Active
USR00399,power,Kaduna,android,36,577,100,57,100.0,111.0,13988219.71,107.7,2024-03-29,2024-01-01,2,Active
USR00462,power,Lagos,ios,340,601,102,55,102.0,110.0,12964758.55,107.6,2024-03-29,2024-01-01,2,Active
USR00567,power,Abuja,web,313,609,104,63,104.0,106.0,12757094.23,105.4,2024-03-30,2024-01-01,1,Active
USR00497,power,Benin City,android,163,598,100,59,100.0,106.0,15420412.07,104.2,2024-03-29,2024-01-03,2,Active
USR00329,power,Benin City,android,228,589,103,64,103.0,101.0,13372085.61,101.6,2024-03-30,2024-01-01,1,Active
USR00256,power,Benin City,android,275,486,84,53,84.0,107.0,11114292.25,100.1,2024-03-30,2024-01-03,1,Active
USR00543,power,Lagos,android,333,551,95,57,95.0,102.0,11496153.28,99.9,2024-03-30,2024-01-02,1,Active
USR00400,power,Enugu,android,346,616,107,58,107.0,95.0,10827139.96,98.6,2024-03-30,2024-01-02,1,Active
USR00093,power,Abuja,android,75,572,99,57,99.0,98.0,14058970.25,98.3,2024-03-30,2024-01-01,1,Active
USR00132,power,Abuja,ios,166,517,90,58,90.0,99.0,12609686.69,96.3,2024-03-30,2024-01-01,1,Active
USR00052,power,Abuja,ios,248,513,92,54,92.0,94.0,9774910.3,93.4,2024-03-29,2024-01-03,2,Active
USR00432,power,Kano,android,39,527,91,57,91.0,93.0,12459756.22,92.4,2024-03-27,2024-01-03,4,Active
USR00059,power,Abuja,android,149,516,88,51,88.0,93.0,10360957.22,91.5,2024-03-28,2024-01-01,3,Active
USR00483,power,Abuja,android,270,550,94,57,94.0,90.0,9980740.53,91.2,2024-03-29,2024-01-01,2,Active
USR00499,power,Benin City,web,144,454,80,53,80.0,91.0,11268838.48,87.7,2024-03-30,2024-01-03,1,Active
USR00212,power,Abuja,ios,277,499,86,58,86.0,86.0,9500514.75,86.0,2024-03-29,2024-01-01,2,Active
USR00116,power,Port Harcourt,ios,64,557,96,58,96.0,81.0,9285415.59,85.5,2024-03-30,2024-01-05,1,Active
USR00071,power,Port Harcourt,web,148,429,73,54,73.0,90.0,10741182.62,84.9,2024-03-29,2024-01-03,2,Active
USR00142,power,Kaduna,android,180,463,77,51,77.0,88.0,9934282.4,84.7,2024-03-30,2024-01-01,1,Active
USR00236,power,Enugu,android,345,461,79,52,79.0,87.0,7903969.94,84.6,2024-03-29,2024-01-01,2,Active
USR00353,power,Abuja,android,228,496,85,54,85.0,84.0,11266274.01,84.3,2024-03-29,2024-01-01,2,Active
USR00204,power,Port Harcourt,android,218,450,75,53,75.0,87.0,7860688.31,83.4,2024-03-30,2024-01-03,1,Active
USR00288,power,Lagos,ios,146,443,78,50,78.0,85.0,10048077.68,82.9,2024-03-28,2024-01-01,3,Active
USR00375,power,Port Harcourt,android,80,417,69,40,69.0,84.0,11391140.74,79.5,2024-03-29,2024-01-05,2,Active
USR00189,power,Abuja,ios,351,421,74,49,74.0,80.0,9975694.84,78.2,2024-03-28,2024-01-01,3,Active
USR00526,power,Kano,ios,80,420,70,47,70.0,80.0,8210234.4,77.0,2024-03-29,2024-01-01,2,Active
USR00528,power,Benin City,android,66,436,74,49,74.0,74.0,10981507.63,74.0,2024-03-29,2024-01-01,2,Active
USR00270,power,Abuja,android,88,424,73,48,73.0,74.0,10821372.11,73.7,2024-03-30,2024-01-02,1,Active
USR00398,power,Benin City,android,209,408,69,49,69.0,74.0,8387289.92,72.5,2024-03-29,2024-01-02,2,Active
USR00017,power,Enugu,ios,225,385,64,45,64.0,76.0,8664712.32,72.4,2024-03-26,2024-01-02,5,Active
USR00216,power,Ibadan,ios,289,392,67,47,67.0,74.0,9006829.11,71.9,2024-03-30,2024-01-01,1,Active
USR00069,power,Kano,android,192,438,78,55,78.0,69.0,7362188.19,71.7,2024-03-29,2024-01-01,2,Active
USR00459,power,Enugu,android,244,384,67,47,67.0,72.0,7051526.61,70.5,2024-03-30,2024-01-02,1,Active
USR00556,power,Enugu,web,337,394,66,46,66.0,72.0,6232060.5,70.2,2024-03-30,2024-01-01,1,Active
USR00047,power,Ibadan,android,114,391,68,49,68.0,67.0,8231464.41,67.3,2024-03-30,2024-01-02,1,Active
USR00247,power,Ibadan,android,36,334,60,48,60.0,68.0,9224218.42,65.6,2024-03-29,2024-01-04,2,Active
USR00424,power,Kaduna,android,339,345,61,45,61.0,61.0,8599654.61,61.0,2024-03-29,2024-01-01,2,Active
USR00466,power,Kaduna,web,131,306,53,39,53.0,64.0,7474533.75,60.7,2024-03-30,2024-01-01,1,Active
USR00494,power,Lagos,android,259,310,55,44,55.0,61.0,6549724.97,59.2,2024-03-29,2024-01-01,2,Active
USR00254,power,Lagos,android,252,338,59,47,59.0,58.0,7063963.78,58.3,2024-03-28,2024-01-03,3,Active
USR00301,power,Kano,android,268,304,51,35,51.0,61.0,7381379.98,58.0,2024-03-24,2024-01-02,7,Active
USR00253,power,Kaduna,android,359,339,58,44,58.0,58.0,7901309.57,58.0,2024-03-30,2024-01-01,1,Active
USR00515,power,Benin City,android,292,369,65,48,65.0,53.0,4731570.96,56.6,2024-03-30,2024-01-02,1,Active
USR00248,power,Kano,ios,92,297,51,39,51.0,59.0,7607382.62,56.6,2024-03-27,2024-01-01,4,Active
USR00106,power,Lagos,android,232,361,63,46,62.0,52.0,7203284.22,55.0,2024-03-30,2024-01-02,1,Active
USR00339,power,Port Harcourt,android,190,315,55,45,55.0,55.0,6442206.71,55.0,2024-03-29,2024-01-01,2,Active
USR00403,power,Port Harcourt,android,102,303,52,44,52.0,53.0,4851665.52,52.7,2024-03-29,2024-01-04,2,Active
USR00195,power,Lagos,ios,262,296,53,40,53.0,50.0,5056268.78,50.9,2024-03-28,2024-01-02,3,Active
USR00392,power,Benin City,android,302,312,55,38,55.0,48.0,5993381.67,50.1,2024-03-30,2024-01-04,1,Active
USR00085,regular,Lagos,web,144,162,31,24,31.0,32.0,1777662.4,31.7,2024-03-22,2024-01-01,9,At-Risk
USR00062,regular,Port Harcourt,ios,247,156,32,27,32.0,29.0,3735672.67,29.9,2024-03-24,2024-01-01,7,Active
USR00241,regular,Abuja,android,310,140,29,27,29.0,30.0,2472844.25,29.7,2024-03-25,2024-01-03,6,Active
USR00469,regular,Benin City,android,212,145,29,23,29.0,29.0,3108967.73,29.0,2024-03-29,2024-01-04,2,Active
USR00334,regular,Ibadan,android,134,165,32,25,32.0,27.0,2518579.23,28.5,2024-03-29,2024-01-04,2,Active
USR00105,regular,Kaduna,ios,202,151,32,27,32.0,26.0,2385407.08,27.8,2024-03-30,2024-01-04,1,Active
USR00210,regular,Ibadan,android,41,161,32,28,32.0,26.0,2496551.79,27.8,2024-03-29,2024-01-10,2,Active
USR00024,regular,Lagos,ios,187,152,32,28,32.0,26.0,2187203.3,27.8,2024-03-30,2024-01-03,1,Active
USR00302,regular,Kano,ios,237,157,31,27,31.0,25.0,3480658.55,26.8,2024-03-25,2024-01-01,6,Active
USR00371,regular,Port Harcourt,android,162,158,32,24,32.0,24.0,2666894.01,26.4,2024-03-30,2024-01-01,1,Active
USR00416,regular,Ibadan,web,85,144,31,26,31.0,24.0,2739455.52,26.1,2024-03-28,2024-01-02,3,Active
USR00187,regular,Benin City,android,306,117,25,22,25.0,25.0,4604864.37,25.0,2024-03-25,2024-01-08,6,Active
USR00445,regular,Abuja,ios,212,143,29,25,29.0,23.0,1838775.18,24.8,2024-03-30,2024-01-02,1,Active
USR00426,regular,Abuja,android,11,157,32,27,32.0,21.0,1624945.93,24.3,2024-03-27,2024-01-03,4,Active
USR00186,regular,Kano,android,343,146,31,24,31.0,21.0,2342845.09,24.0,2024-03-22,2024-01-01,9,At-Risk
USR00196,regular,Ibadan,android,282,140,29,25,29.0,21.0,3669049.18,23.4,2024-03-28,2024-01-04,3,Active
USR00354,regular,Ibadan,android,218,137,26,25,26.0,22.0,3283124.87,23.2,2024-03-23,2024-01-06,8,At-Risk
USR00246,regular,Kaduna,android,31,115,23,22,23.0,23.0,2435137.55,23.0,2024-03-30,2024-01-03,1,Active
USR00312,regular,Kaduna,android,190,147,30,26,30.0,20.0,1943906.38,23.0,2024-03-29,2024-01-05,2,Active
USR00190,regular,Kaduna,android,331,122,25,21,25.0,22.0,2082186.29,22.9,2024-03-27,2024-01-08,4,Active
USR00307,regular,Abuja,android,124,112,25,22,25.0,22.0,3775881.47,22.9,2024-03-25,2024-01-07,6,Active
USR00091,regular,Port Harcourt,android,75,148,31,26,31.0,19.0,2489882.27,22.6,2024-03-30,2024-01-02,1,Active
USR00016,regular,Abuja,android,120,152,31,25,31.0,19.0,2683328.26,22.6,2024-03-29,2024-01-02,2,Active
USR00019,regular,Benin City,ios,287,146,30,25,30.0,19.0,1705012.95,22.3,2024-03-28,2024-01-03,3,Active
USR00237,regular,Lagos,android,269,138,29,24,29.0,19.0,2559002.3,22.0,2024-03-24,2024-01-03,7,Active
USR00221,regular,Port Harcourt,web,78,144,31,25,31.0,18.0,2623630.82,21.9,2024-03-28,2024-01-04,3,Active
USR00570,regular,Benin City,ios,256,99,19,19,19.0,23.0,2754325.18,21.8,2024-03-27,2024-01-03,4,Active
USR00002,regular,Enugu,android,75,102,21,17,21.0,22.0,2020709.57,21.7,2024-03-28,2024-01-03,3,Active
USR00367,regular,Port Harcourt,ios,75,113,25,21,25.0,20.0,1788477.4,21.5,2024-03-30,2024-01-05,1,Active
USR00470,regular,Abuja,ios,358,131,27,21,27.0,19.0,2284147.75,21.4,2024-03-30,2024-01-02,1,Active
USR00314,regular,Enugu,android,152,139,28,24,28.0,18.0,1637405.76,21.0,2024-03-25,2024-01-03,6,Active
USR00177,regular,Ibadan,web,201,127,27,24,27.0,18.0,2817850.6,20.7,2024-03-23,2024-01-04,8,At-Risk
USR00328,regular,Lagos,android,350,133,27,25,27.0,18.0,2993177.63,20.7,2024-03-29,2024-01-01,2,Active
USR00078,regular,Lagos,android,333,118,24,22,24.0,19.0,1310984.08,20.5,2024-03-25,2024-01-06,6,Active
USR00245,regular,Enugu,android,38,124,26,23,26.0,18.0,1858848.5,20.4,2024-03-26,2024-01-01,5,Active
USR00147,regular,Benin City,web,19,126,27,24,27.0,17.0,1869752.59,20.0,2024-03-29,2024-01-03,2,Active
USR00094,regular,Kaduna,web,156,100,20,16,20.0,20.0,2326432.94,20.0,2024-03-17,2024-01-04,14,At-Risk
USR00032,regular,Lagos,web,107,108,22,17,22.0,19.0,2310752.98,19.9,2024-03-20,2024-01-09,11,At-Risk
USR00118,regular,Port Harcourt,android,195,139,29,26,29.0,16.0,1519049.01,19.9,2024-03-29,2024-01-01,2,Active
USR00448,regular,Ibadan,android,287,140,28,25,28.0,16.0,1297644.11,19.6,2024-03-30,2024-01-01,1,Active
USR00294,regular,Kano,android,113,118,25,19,25.0,17.0,2423213.75,19.4,2024-03-30,2024-01-03,1,Active
USR00192,regular,Port Harcourt,ios,232,108,22,20,22.0,18.0,1927807.67,19.2,2024-03-29,2024-01-01,2,Active
USR00316,regular,Lagos,android,346,110,24,21,24.0,17.0,1555855.51,19.1,2024-03-29,2024-01-01,2,Active
USR00344,regular,Port Harcourt,ios,227,120,26,23,26.0,16.0,1925607.84,19.0,2024-03-30,2024-01-03,1,Active
USR00360,regular,Ibadan,ios,156,104,22,18,22.0,17.0,1687846.2,18.5,2024-03-22,2024-01-01,9,At-Risk
USR00115,regular,Abuja,android,355,110,22,20,22.0,17.0,2431841.83,18.5,2024-03-30,2024-01-03,1,Active
USR00380,regular,Enugu,android,156,108,22,19,22.0,17.0,2356049.31,18.5,2024-03-29,2024-01-02,2,Active
USR00283,regular,Ibadan,android,3,103,22,18,22.0,17.0,1933400.35,18.5,2024-03-30,2024-01-09,1,Active
USR00006,regular,Lagos,android,49,113,24,22,24.0,16.0,2663530.16,18.4,2024-03-29,2024-01-03,2,Active
USR00517,regular,Abuja,android,309,110,24,19,24.0,16.0,2004848.03,18.4,2024-03-27,2024-01-04,4,Active
USR00143,regular,Kano,android,104,115,24,19,24.0,16.0,1706830.21,18.4,2024-03-28,2024-01-02,3,Active
USR00451,regular,Benin City,ios,29,97,19,16,19.0,18.0,2567961.75,18.3,2024-03-26,2024-01-01,5,Active
USR00532,regular,Enugu,android,42,114,23,20,23.0,16.0,1529495.28,18.1,2024-03-30,2024-01-01,1,Active
USR00332,regular,Benin City,ios,357,122,25,20,25.0,15.0,1476059.12,18.0,2024-03-26,2024-01-06,5,Active
USR00054,regular,Kaduna,android,29,127,27,21,27.0,14.0,2779525.29,17.9,2024-03-30,2024-01-07,1,Active
USR00434,regular,Abuja,ios,297,113,24,22,24.0,15.0,1981002.4,17.7,2024-03-30,2024-01-03,1,Active
USR00365,regular,Benin City,ios,133,124,26,20,26.0,14.0,1084334.09,17.6,2024-03-28,2024-01-04,3,Active
USR00481,regular,Port Harcourt,android,317,129,28,26,28.0,13.0,2794874.41,17.5,2024-03-30,2024-01-02,1,Active
USR00565,regular,Ibadan,web,354,134,28,27,28.0,13.0,1497891.35,17.5,2024-03-30,2024-01-01,1,Active
USR00390,regular,Lagos,android,99,90,18,14,18.0,17.0,2337946.62,17.3,2024-03-22,2024-01-10,9,At-Risk
USR00267,regular,Kano,web,19,91,17,17,17.0,17.0,1704391.84,17.0,2024-03-26,2024-01-19,5,Active
USR00046,regular,Ibadan,ios,266,111,23,20,23.0,14.0,936603.07,16.7,2024-03-27,2024-01-02,4,Active
USR00315,regular,Kano,ios,42,83,19,18,19.0,15.0,1470620.07,16.2,2024-03-18,2024-01-01,13,At-Risk
USR00317,regular,Abuja,android,239,98,21,20,21.0,14.0,1248045.57,16.1,2024-03-28,2024-01-01,3,Active
USR00037,regular,Kaduna,android,270,73,16,15,16.0,16.0,2041113.24,16.0,2024-03-26,2024-01-11,5,Active
USR00275,regular,Port Harcourt,ios,284,106,20,18,20.0,14.0,1662705.68,15.8,2024-03-27,2024-01-01,4,Active
USR00205,regular,Kaduna,android,96,100,20,18,20.0,14.0,949367.68,15.8,2024-03-30,2024-01-11,1,Active
USR00501,regular,Ibadan,android,224,99,21,21,21.0,13.0,2781474.49,15.4,2024-03-30,2024-01-04,1,Active
USR00476,regular,Enugu,android,69,113,24,21,24.0,11.0,1428848.75,14.9,2024-03-21,2024-01-02,10,At-Risk
USR00107,regular,Lagos,web,126,82,17,15,17.0,14.0,1655273.15,14.9,2024-03-21,2024-01-16,10,At-Risk
USR00444,regular,Ibadan,ios,211,85,19,19,19.0,13.0,1148105.0,14.8,2024-03-29,2024-01-10,2,Active
USR00492,regular,Ibadan,android,286,83,17,16,17.0,13.0,578837.38,14.2,2024-03-28,2024-01-04,3,Active
USR00540,regular,Ibadan,ios,316,99,21,19,21.0,11.0,1677895.12,14.0,2024-03-27,2024-01-02,4,Active
USR00558,regular,Enugu,ios,83,86,18,15,18.0,12.0,1855300.53,13.8,2024-03-26,2024-01-04,5,Active
USR00572,regular,Benin City,web,4,55,12,12,12.0,13.0,923641.01,12.7,2024-03-20,2024-01-04,11,At-Risk
USR00508,regular,Ibadan,ios,340,101,21,19,21.0,9.0,831970.85,12.6,2024-03-25,2024-01-03,6,Active
USR00100,regular,Benin City,android,84,81,16,12,16.0,11.0,1769229.59,12.5,2024-03-27,2024-01-08,4,Active
USR00211,regular,Abuja,android,323,86,18,17,18.0,10.0,1245542.92,12.4,2024-03-21,2024-01-01,10,At-Risk
USR00291,regular,Benin City,android,37,83,18,18,18.0,10.0,1019125.21,12.4,2024-03-30,2024-01-03,1,Active
USR00333,regular,Benin City,android,291,64,13,13,13.0,12.0,1453648.16,12.3,2024-03-30,2024-01-03,1,Active
USR00174,regular,Abuja,web,239,68,14,12,14.0,11.0,861711.51,11.9,2024-03-30,2024-01-04,1,Active
USR00173,regular,Benin City,ios,160,109,23,18,23.0,7.0,1185239.02,11.8,2024-03-28,2024-01-02,3,Active
USR00095,regular,Ibadan,android,97,64,13,12,13.0,11.0,1594595.33,11.6,2024-03-07,2024-01-01,24,At-Risk
USR00378,regular,Lagos,android,160,99,20,17,20.0,8.0,896211.33,11.6,2024-03-30,2024-01-05,1,Active
USR00486,regular,Kaduna,android,106,75,17,16,17.0,9.0,960703.17,11.4,2024-03-29,2024-01-02,2,Active
USR00337,regular,Ibadan,android,90,60,13,13,13.0,10.0,1730632.6,10.9,2024-03-29,2024-01-01,2,Active
USR00070,regular,Abuja,android,28,69,15,14,15.0,9.0,963632.31,10.8,2024-03-22,2024-01-02,9,At-Risk
USR00110,regular,Ibadan,android,217,50,12,12,12.0,10.0,1331739.88,10.6,2024-03-30,2024-01-06,1,Active
USR00001,regular,Benin City,web,238,55,12,12,12.0,10.0,1441703.8,10.6,2024-03-15,2024-01-02,16,At-Risk
USR00562,regular,Enugu,ios,90,63,14,13,14.0,9.0,1060603.31,10.5,2024-03-20,2024-01-01,11,At-Risk
USR00119,regular,Enugu,ios,338,69,14,13,14.0,9.0,0.0,10.5,2024-03-30,2024-01-14,1,Active
USR00228,regular,Kano,android,362,66,14,14,14.0,9.0,665105.22,10.5,2024-03-21,2024-01-05,10,At-Risk
USR00163,regular,Abuja,android,24,72,16,16,16.0,8.0,404728.28,10.4,2024-03-24,2024-01-04,7,Active
USR00029,regular,Kano,android,99,75,16,16,16.0,8.0,1141137.14,10.4,2024-03-30,2024-01-04,1,Active
USR00536,regular,Enugu,web,96,55,11,10,11.0,10.0,1554897.97,10.3,2024-03-05,2024-01-05,26,At-Risk
USR00568,regular,Abuja,ios,22,50,10,10,10.0,10.0,773373.49,10.0,2024-03-26,2024-01-01,5,Active
USR00372,regular,Ibadan,ios,353,54,12,11,12.0,9.0,830522.68,9.9,2024-03-23,2024-01-05,8,At-Risk
USR00056,regular,Lagos,ios,324,77,16,14,16.0,7.0,945448.92,9.7,2024-03-28,2024-01-01,3,Active
USR00043,regular,Kaduna,ios,221,75,16,14,16.0,7.0,707317.32,9.7,2024-03-27,2024-01-11,4,Active
USR00292,regular,Enugu,android,347,54,11,9,11.0,9.0,488092.46,9.6,2024-03-26,2024-01-08,5,Active
USR00411,regular,Benin City,ios,104,62,13,13,13.0,8.0,1147489.89,9.5,2024-03-29,2024-01-11,2,Active
USR00112,regular,Benin City,android,257,63,13,11,13.0,8.0,1321914.16,9.5,2024-03-19,2024-01-02,12,At-Risk
USR00442,regular,Kaduna,web,321,49,10,9,10.0,9.0,618328.84,9.3,2024-03-20,2024-01-10,11,At-Risk
USR00185,regular,Kaduna,ios,223,53,10,10,10.0,9.0,1480268.32,9.3,2024-03-27,2024-01-06,4,Active
USR00381,regular,Abuja,android,356,61,12,11,12.0,8.0,1052939.2,9.2,2024-03-27,2024-01-05,4,Active
USR00446,regular,Port Harcourt,android,308,55,12,12,12.0,8.0,548170.36,9.2,2024-03-05,2024-01-01,26,At-Risk
USR00165,regular,Enugu,android,147,64,12,12,12.0,8.0,829202.27,9.2,2024-03-28,2024-01-11,3,Active
USR00413,regular,Lagos,web,17,67,14,14,14.0,7.0,864442.15,9.1,2024-03-20,2024-01-19,11,At-Risk
USR00324,regular,Ibadan,android,189,60,13,13,13.0,7.0,1192846.38,8.8,2024-03-23,2024-01-11,8,At-Risk
USR00035,regular,Ibadan,android,37,51,10,10,10.0,8.0,835608.09,8.6,2024-03-24,2024-01-06,7,Active
USR00068,regular,Benin City,ios,226,46,10,10,10.0,8.0,1122820.78,8.6,2024-03-27,2024-01-04,4,Active
USR00133,regular,Abuja,ios,282,46,10,10,10.0,8.0,620791.93,8.6,2024-03-24,2024-01-15,7,Active
USR00414,regular,Abuja,android,162,47,9,9,9.0,7.0,524172.59,7.6,2024-03-27,2024-01-08,4,Active
USR00484,regular,Benin City,ios,254,36,8,8,8.0,7.0,826316.59,7.3,2024-03-29,2024-01-05,2,Active
USR00311,regular,Lagos,web,238,46,10,9,10.0,6.0,1049761.35,7.2,2024-03-07,2024-01-05,24,At-Risk
USR00031,regular,Ibadan,android,114,44,9,9,9.0,6.0,805433.07,6.9,2024-03-08,2024-01-04,23,At-Risk
USR00160,regular,Port Harcourt,ios,51,36,8,8,8.0,6.0,748894.88,6.6,2024-03-20,2024-01-01,11,At-Risk
USR00287,regular,Benin City,android,82,49,10,10,10.0,5.0,275642.47,6.5,2024-03-20,2024-01-10,11,At-Risk
USR00014,regular,Kano,android,47,42,9,8,9.0,5.0,395235.97,6.2,2024-03-25,2024-01-26,6,Active
USR00048,regular,Lagos,ios,354,38,8,8,8.0,5.0,281721.73,5.9,2024-03-22,2024-01-07,9,At-Risk
USR00423,regular,Enugu,android,220,42,9,8,9.0,4.0,26381.46,5.5,2024-03-13,2024-01-08,18,At-Risk
USR00521,regular,Ibadan,web,309,38,9,9,9.0,4.0,472952.34,5.5,2024-03-28,2024-01-05,3,Active
USR00503,regular,Benin City,android,77,41,8,8,8.0,4.0,224555.58,5.2,2024-03-21,2024-01-13,10,At-Risk
USR00039,regular,Enugu,ios,360,46,9,9,9.0,3.0,471184.59,4.8,2024-03-20,2024-01-10,11,At-Risk
USR00244,lurker,Ibadan,ios,355,18,4,3,4.0,5.0,4458.14,4.7,2024-02-22,2024-02-01,38,Churned
USR00387,lurker,Kano,android,180,17,4,4,4.0,4.0,40076.05,4.0,2024-03-25,2024-02-21,6,Active
USR00104,lurker,Benin City,web,219,19,4,4,4.0,4.0,131299.51,4.0,2024-03-03,2024-01-26,28,At-Risk
USR00197,lurker,Enugu,android,145,17,4,4,4.0,4.0,484089.16,4.0,2024-03-02,2024-01-15,29,At-Risk
USR00012,lurker,Kaduna,ios,5,17,4,4,4.0,4.0,663014.92,4.0,2024-03-24,2024-02-05,7,Active
USR00027,lurker,Kaduna,ios,57,18,4,3,4.0,4.0,345032.62,4.0,2024-03-13,2024-01-19,18,At-Risk
USR00545,lurker,Benin City,android,217,19,4,4,4.0,4.0,1097112.31,4.0,2024-02-23,2024-01-19,37,Churned
USR00249,lurker,Port Harcourt,android,221,19,4,4,4.0,4.0,212686.33,4.0,2024-03-24,2024-02-03,7,Active
USR00251,lurker,Abuja,ios,129,18,4,4,4.0,4.0,187448.95,4.0,2024-03-13,2024-01-18,18,At-Risk
USR00103,lurker,Benin City,web,251,18,4,4,4.0,4.0,576566.24,4.0,2024-03-20,2024-01-07,11,At-Risk
USR00036,lurker,Kano,web,50,15,3,3,3.0,4.0,214866.08,3.7,2024-03-08,2024-02-14,23,At-Risk
USR00015,lurker,Lagos,android,331,13,3,3,3.0,4.0,260448.56,3.7,2024-03-19,2024-01-09,12,At-Risk
USR00199,lurker,Kaduna,android,340,15,3,3,3.0,4.0,396960.94,3.7,2024-03-26,2024-01-12,5,Active
USR00478,lurker,Port Harcourt,android,194,15,3,3,3.0,4.0,283090.34,3.7,2024-03-07,2024-01-02,24,At-Risk
USR00479,lurker,Lagos,web,332,18,4,4,4.0,3.0,731051.17,3.3,2024-03-29,2024-01-21,2,Active
USR00003,lurker,Kaduna,android,241,16,4,4,4.0,3.0,790693.11,3.3,2024-03-26,2024-01-25,5,Active
USR00408,lurker,Port Harcourt,android,28,17,4,4,4.0,3.0,324354.24,3.3,2024-03-21,2024-01-15,10,At-Risk
USR00522,lurker,Abuja,ios,263,19,4,4,4.0,3.0,95493.15,3.3,2024-03-20,2024-02-01,11,At-Risk
USR00229,lurker,Port Harcourt,android,223,16,4,4,4.0,3.0,0.0,3.3,2024-03-15,2024-01-11,16,At-Risk
USR00449,lurker,Lagos,android,140,16,4,4,4.0,3.0,200344.38,3.3,2024-03-09,2024-01-03,22,At-Risk
USR00242,lurker,Port Harcourt,web,357,18,4,4,4.0,3.0,304941.79,3.3,2024-03-08,2024-01-07,23,At-Risk
USR00553,lurker,Benin City,android,319,18,4,4,4.0,3.0,746162.16,3.3,2024-02-28,2024-01-10,32,Churned
USR00023,lurker,Lagos,ios,260,19,4,4,4.0,3.0,560918.72,3.3,2024-03-30,2024-01-18,1,Active
USR00272,lurker,Kano,android,348,19,4,4,4.0,3.0,396779.25,3.3,2024-03-22,2024-02-06,9,At-Risk
USR00122,lurker,Abuja,web,104,19,4,4,4.0,3.0,132839.74,3.3,2024-03-18,2024-01-17,13,At-Risk
USR00420,lurker,Ibadan,android,194,18,4,4,4.0,3.0,135615.35,3.3,2024-03-07,2024-01-08,24,At-Risk
USR00123,lurker,Ibadan,android,255,16,4,4,4.0,3.0,0.0,3.3,2024-03-05,2024-01-09,26,At-Risk
USR00053,lurker,Abuja,ios,154,18,4,4,4.0,3.0,856501.12,3.3,2024-03-29,2024-01-11,2,Active
USR00224,lurker,Port Harcourt,ios,212,16,4,4,4.0,3.0,494555.38,3.3,2024-03-03,2024-01-04,28,At-Risk
USR00061,lurker,Ibadan,android,257,17,4,4,4.0,3.0,165471.33,3.3,2024-03-27,2024-01-12,4,Active
USR00569,lurker,Abuja,web,186,12,3,3,3.0,3.0,192802.45,3.0,2024-02-23,2024-01-08,37,Churned
USR00171,lurker,Lagos,android,28,13,3,3,3.0,3.0,337297.31,3.0,2024-02-10,2024-01-17,50,Churned
USR00282,lurker,Benin City,ios,46,13,3,2,3.0,3.0,0.0,3.0,2024-02-24,2024-02-02,36,Churned
USR00507,lurker,Abuja,android,146,13,3,2,3.0,3.0,0.0,3.0,2024-02-06,2024-01-02,54,Churned
USR00207,lurker,Kaduna,web,296,12,3,3,3.0,3.0,230046.01,3.0,2024-03-06,2024-01-25,25,At-Risk
USR00318,lurker,Enugu,android,287,12,3,3,3.0,3.0,0.0,3.0,2024-03-27,2024-01-06,4,Active
USR00179,lurker,Abuja,android,180,13,3,3,3.0,3.0,284112.06,3.0,2024-03-06,2024-01-21,25,At-Risk
USR00148,lurker,Port Harcourt,ios,275,14,3,3,3.0,3.0,682933.77,3.0,2024-03-11,2024-01-04,20,At-Risk
USR00352,lurker,Lagos,android,180,11,3,3,3.0,3.0,515245.43,3.0,2024-02-18,2024-02-12,42,Churned
USR00447,lurker,Abuja,android,15,15,3,3,3.0,3.0,159534.1,3.0,2024-03-15,2024-01-16,16,At-Risk
USR00363,lurker,Benin City,web,331,14,3,3,3.0,3.0,197640.57,3.0,2024-03-06,2024-01-08,25,At-Risk
USR00018,lurker,Kaduna,android,69,13,3,3,3.0,3.0,617606.35,3.0,2024-02-03,2024-01-12,57,Churned
USR00153,lurker,Port Harcourt,ios,200,13,3,3,3.0,3.0,194479.48,3.0,2024-03-26,2024-03-11,5,Active
USR00552,lurker,Enugu,ios,138,14,3,3,3.0,3.0,111923.42,3.0,2024-03-14,2024-01-11,17,At-Risk
USR00194,lurker,Ibadan,web,223,15,3,3,3.0,3.0,586503.53,3.0,2024-03-29,2024-01-28,2,Active
USR00206,lurker,Benin City,ios,122,12,3,3,3.0,3.0,0.0,3.0,2024-03-16,2024-01-06,15,At-Risk
USR00281,lurker,Port Harcourt,ios,20,11,3,3,3.0,3.0,86939.74,3.0,2024-03-20,2024-01-20,11,At-Risk
USR00156,lurker,Ibadan,android,155,12,3,3,3.0,3.0,171971.24,3.0,2024-03-26,2024-01-31,5,Active
USR00331,lurker,Kaduna,ios,336,15,3,3,3.0,3.0,312379.13,3.0,2024-03-25,2024-02-05,6,Active
USR00183,lurker,Kaduna,android,125,13,3,3,3.0,3.0,861130.06,3.0,2024-03-09,2024-01-16,22,At-Risk
USR00293,lurker,Abuja,android,51,12,3,2,3.0,3.0,129884.69,3.0,2024-03-20,2024-03-06,11,At-Risk
USR00475,lurker,Port Harcourt,ios,352,10,2,2,2.0,3.0,59221.25,2.7,2024-03-29,2024-03-12,2,Active
USR00480,lurker,Abuja,web,102,8,2,2,2.0,3.0,408614.31,2.7,2024-03-03,2024-02-04,28,At-Risk
USR00230,lurker,Benin City,android,162,9,2,2,2.0,3.0,210833.57,2.7,2024-02-02,2024-01-18,58,Churned
USR00326,lurker,Port Harcourt,android,40,9,2,2,2.0,3.0,227004.32,2.7,2024-02-20,2024-01-19,40,Churned
USR00525,lurker,Kaduna,android,263,9,2,2,2.0,3.0,365911.76,2.7,2024-01-27,2024-01-18,64,Churned
USR00167,lurker,Abuja,android,319,18,4,4,4.0,2.0,211768.4,2.6,2024-02-12,2024-01-13,48,Churned
USR00407,lurker,Benin City,android,129,19,4,4,4.0,2.0,75277.43,2.6,2024-03-04,2024-01-16,27,At-Risk
USR00075,lurker,Lagos,android,31,15,4,4,4.0,2.0,0.0,2.6,2024-03-12,2024-01-22,19,At-Risk
USR00389,lurker,Kano,android,35,18,4,4,4.0,2.0,142850.68,2.6,2024-03-22,2024-01-19,9,At-Risk
USR00042,lurker,Enugu,web,282,17,4,4,4.0,2.0,174529.32,2.6,2024-02-27,2024-01-17,33,Churned
USR00349,lurker,Benin City,ios,45,16,4,4,4.0,2.0,74763.17,2.6,2024-03-26,2024-01-03,5,Active
USR00456,lurker,Kaduna,ios,121,18,4,4,4.0,2.0,486230.75,2.6,2024-03-08,2024-01-12,23,At-Risk
USR00262,lurker,Kano,android,304,15,4,4,4.0,2.0,49227.68,2.6,2024-03-27,2024-02-23,4,Active
USR00518,lurker,Ibadan,android,205,16,4,4,4.0,2.0,527841.17,2.6,2024-02-20,2024-01-12,40,Churned
USR00181,lurker,Abuja,android,55,19,4,4,4.0,2.0,162982.62,2.6,2024-03-27,2024-01-16,4,Active
USR00051,lurker,Ibadan,android,205,18,4,4,4.0,2.0,58206.5,2.6,2024-03-24,2024-01-22,7,Active
USR00467,lurker,Kano,android,83,16,4,4,4.0,2.0,24819.22,2.6,2024-02-16,2024-01-04,44,Churned
USR00308,lurker,Lagos,ios,209,17,4,4,4.0,2.0,163983.21,2.6,2024-03-28,2024-02-26,3,Active
USR00373,lurker,Enugu,ios,7,18,4,3,4.0,2.0,457130.74,2.6,2024-03-27,2024-02-02,4,Active
USR00030,lurker,Kaduna,ios,270,17,4,4,4.0,2.0,462407.23,2.6,2024-03-02,2024-01-02,29,At-Risk
USR00231,lurker,Lagos,android,273,17,4,3,4.0,2.0,0.0,2.6,2024-03-02,2024-01-10,29,At-Risk
USR00430,lurker,Benin City,android,346,18,4,4,4.0,2.0,432181.94,2.6,2024-03-14,2024-01-01,17,At-Risk
USR00428,lurker,Kaduna,android,357,15,4,4,4.0,2.0,457263.47,2.6,2024-03-27,2024-01-03,4,Active
USR00520,lurker,Port Harcourt,android,252,18,4,4,4.0,2.0,310836.43,2.6,2024-02-27,2024-01-02,33,Churned
USR00081,lurker,Benin City,ios,365,18,4,4,4.0,2.0,80904.29,2.6,2024-03-07,2024-01-05,24,At-Risk
USR00161,lurker,Port Harcourt,android,19,17,4,4,4.0,2.0,531947.62,2.6,2024-03-08,2024-01-24,23,At-Risk
USR00361,lurker,Benin City,android,2,17,4,3,4.0,2.0,0.0,2.6,2024-03-18,2024-02-13,13,At-Risk
USR00159,lurker,Benin City,ios,269,17,4,4,4.0,2.0,0.0,2.6,2024-03-08,2024-01-14,23,At-Risk
USR00551,lurker,Benin City,android,32,17,4,4,4.0,2.0,40424.54,2.6,2024-03-23,2024-01-15,8,At-Risk
USR00343,lurker,Enugu,ios,152,17,4,4,4.0,2.0,128824.78,2.6,2024-03-19,2024-01-16,12,At-Risk
USR00278,lurker,Port Harcourt,web,362,17,4,4,4.0,2.0,0.0,2.6,2024-03-29,2024-01-06,2,Active
USR00150,lurker,Enugu,ios,10,16,4,3,4.0,2.0,631147.46,2.6,2024-01-31,2024-01-06,60,Churned
USR00146,lurker,Lagos,ios,100,20,4,4,4.0,2.0,151633.79,2.6,2024-03-20,2024-01-30,11,At-Risk
USR00214,lurker,Benin City,ios,170,15,4,4,4.0,2.0,0.0,2.6,2024-03-20,2024-02-28,11,At-Risk
USR00310,lurker,Ibadan,android,236,17,4,4,4.0,2.0,305262.36,2.6,2024-03-12,2024-01-04,19,At-Risk
USR00025,lurker,Abuja,ios,276,17,4,4,4.0,2.0,399554.45,2.6,2024-03-03,2024-01-15,28,At-Risk
USR00560,lurker,Benin City,android,213,16,4,4,4.0,2.0,9711.58,2.6,2024-03-25,2024-02-05,6,Active
USR00357,lurker,Kaduna,ios,140,18,4,4,4.0,2.0,358051.23,2.6,2024-02-09,2024-01-12,51,Churned
USR00166,lurker,Benin City,ios,140,15,4,4,4.0,2.0,219042.69,2.6,2024-03-20,2024-01-03,11,At-Risk
USR00172,lurker,Port Harcourt,ios,304,17,4,4,4.0,2.0,124887.67,2.6,2024-03-12,2024-02-06,19,At-Risk
USR00547,lurker,Benin City,ios,104,17,4,4,4.0,2.0,0.0,2.6,2024-03-27,2024-01-04,4,Active
USR00548,lurker,Kaduna,android,5,14,3,3,3.0,2.0,312227.09,2.3,2024-03-15,2024-01-13,16,At-Risk
USR00125,lurker,Benin City,android,227,12,3,3,3.0,2.0,468372.72,2.3,2024-03-20,2024-01-26,11,At-Risk
USR00304,lurker,Kano,web,303,14,3,3,3.0,2.0,223239.66,2.3,2024-02-20,2024-01-22,40,Churned
USR00364,lurker,Ibadan,android,35,14,3,3,3.0,2.0,364426.95,2.3,2024-01-17,2024-01-08,74,Churned
USR00541,lurker,Kaduna,ios,45,12,3,3,3.0,2.0,0.0,2.3,2024-01-22,2024-01-03,69,Churned
USR00460,lurker,Ibadan,web,75,13,3,3,3.0,2.0,0.0,2.3,2024-03-15,2024-01-16,16,At-Risk
USR00452,lurker,Ibadan,web,209,11,3,3,3.0,2.0,896736.99,2.3,2024-03-12,2024-01-18,19,At-Risk
USR00269,lurker,Port Harcourt,android,324,15,3,3,3.0,2.0,476776.33,2.3,2024-03-20,2024-01-17,11,At-Risk
USR00180,lurker,Port Harcourt,android,179,12,3,3,3.0,2.0,396505.88,2.3,2024-02-07,2024-01-09,53,Churned
USR00004,lurker,Ibadan,ios,7,10,3,3,3.0,2.0,252038.43,2.3,2024-03-28,2024-01-11,3,Active
USR00126,lurker,Lagos,android,281,14,3,3,3.0,2.0,0.0,2.3,2024-03-11,2024-01-03,20,At-Risk
USR00510,lurker,Abuja,android,256,13,3,3,3.0,2.0,0.0,2.3,2024-02-14,2024-01-15,46,Churned
USR00038,lurker,Port Harcourt,ios,286,13,3,3,3.0,2.0,98635.25,2.3,2024-02-26,2024-01-19,34,Churned
USR00429,lurker,Enugu,android,200,14,3,3,3.0,2.0,304899.68,2.3,2024-03-14,2024-01-02,17,At-Risk
USR00299,lurker,Benin City,android,88,12,3,3,3.0,2.0,152189.19,2.3,2024-03-12,2024-01-10,19,At-Risk
USR00215,lurker,Ibadan,android,19,12,3,3,3.0,2.0,330078.17,2.3,2024-03-20,2024-01-31,11,At-Risk
USR00538,lurker,Lagos,android,7,12,3,3,3.0,2.0,486252.38,2.3,2024-03-15,2024-01-04,16,At-Risk
USR00550,lurker,Ibadan,android,205,11,3,3,3.0,2.0,186831.61,2.3,2024-02-13,2024-01-10,47,Churned
USR00176,lurker,Benin City,android,115,14,3,3,3.0,2.0,69156.03,2.3,2024-03-04,2024-01-14,27,At-Risk
USR00057,lurker,Lagos,android,290,14,3,3,3.0,2.0,319548.68,2.3,2024-03-27,2024-02-29,4,Active
USR00021,lurker,Benin City,android,307,10,3,3,3.0,2.0,426809.08,2.3,2024-03-06,2024-01-16,25,At-Risk
USR00440,lurker,Port Harcourt,ios,110,15,3,3,3.0,2.0,196312.14,2.3,2024-03-06,2024-01-13,25,At-Risk
USR00235,lurker,Kano,android,347,12,3,3,3.0,2.0,621813.75,2.3,2024-03-30,2024-01-17,1,Active
USR00405,lurker,Ibadan,ios,330,14,3,3,3.0,2.0,574660.34,2.3,2024-03-25,2024-03-01,6,Active
USR00201,lurker,Port Harcourt,android,37,12,3,3,3.0,2.0,289583.22,2.3,2024-02-29,2024-02-13,31,Churned
USR00557,lurker,Ibadan,ios,200,14,3,3,3.0,2.0,519936.13,2.3,2024-03-28,2024-02-06,3,Active
USR00154,lurker,Ibadan,ios,162,13,3,3,3.0,2.0,61223.18,2.3,2024-03-20,2024-01-10,11,At-Risk
USR00060,lurker,Enugu,android,293,14,3,3,3.0,2.0,0.0,2.3,2024-03-23,2024-01-04,8,At-Risk
USR00471,lurker,Enugu,android,281,13,3,3,3.0,2.0,0.0,2.3,2024-02-28,2024-01-28,32,Churned
USR00443,lurker,Enugu,android,124,13,3,2,3.0,2.0,127181.76,2.3,2024-03-15,2024-01-21,16,At-Risk
USR00338,lurker,Port Harcourt,android,60,14,3,3,3.0,2.0,0.0,2.3,2024-03-15,2024-01-21,16,At-Risk
USR00226,lurker,Enugu,android,136,13,3,2,3.0,2.0,0.0,2.3,2024-02-22,2024-01-05,38,Churned
USR00409,lurker,Lagos,web,196,14,3,3,3.0,2.0,27536.04,2.3,2024-03-19,2024-01-23,12,At-Risk
USR00457,lurker,Abuja,android,141,13,3,3,3.0,2.0,486735.54,2.3,2024-03-29,2024-01-09,2,Active
USR00397,lurker,Benin City,ios,160,8,2,2,2.0,2.0,125836.77,2.0,2024-02-17,2024-01-17,43,Churned
USR00193,lurker,Benin City,android,349,8,2,2,2.0,2.0,191158.28,2.0,2024-03-18,2024-02-06,13,At-Risk
USR00252,lurker,Benin City,android,328,8,2,2,2.0,2.0,615556.71,2.0,2024-03-27,2024-01-22,4,Active
USR00502,lurker,Benin City,ios,78,8,2,2,2.0,2.0,433976.16,2.0,2024-02-03,2024-01-24,57,Churned
USR00347,lurker,Abuja,android,312,8,2,2,2.0,2.0,24663.1,2.0,2024-03-11,2024-01-31,20,At-Risk
USR00346,lurker,Ibadan,android,317,10,2,2,2.0,2.0,240521.07,2.0,2024-01-29,2024-01-23,62,Churned
USR00168,lurker,Kano,android,282,10,2,2,2.0,2.0,463281.15,2.0,2024-02-19,2024-01-24,41,Churned
USR00077,lurker,Ibadan,ios,338,8,2,2,2.0,2.0,44109.1,2.0,2024-03-17,2024-01-08,14,At-Risk
USR00330,lurker,Kano,android,119,10,2,2,2.0,2.0,307626.73,2.0,2024-03-02,2024-01-11,29,At-Risk
USR00065,lurker,Abuja,android,212,9,2,2,2.0,2.0,374975.59,2.0,2024-01-29,2024-01-19,62,Churned
USR00309,lurker,Ibadan,android,47,9,2,2,2.0,2.0,644969.57,2.0,2024-02-15,2024-01-31,45,Churned
USR00433,lurker,Ibadan,android,294,9,2,2,2.0,2.0,236774.17,2.0,2024-03-23,2024-03-17,8,At-Risk
USR00377,lurker,Abuja,android,40,10,2,2,2.0,2.0,60276.94,2.0,2024-03-08,2024-03-01,23,At-Risk
USR00121,lurker,Ibadan,ios,229,18,4,4,4.0,1.0,0.0,1.9,2024-03-08,2024-01-05,23,At-Risk
USR00124,lurker,Lagos,ios,253,16,4,4,4.0,1.0,112809.54,1.9,2024-03-25,2024-02-12,6,Active
USR00396,lurker,Lagos,android,253,17,4,4,4.0,1.0,0.0,1.9,2024-03-12,2024-01-25,19,At-Risk
USR00453,lurker,Abuja,android,72,18,4,4,4.0,1.0,0.0,1.9,2024-03-27,2024-01-16,4,Active
USR00511,lurker,Enugu,android,349,18,4,4,4.0,1.0,258942.8,1.9,2024-03-15,2024-01-16,16,At-Risk
USR00473,lurker,Benin City,ios,70,16,4,4,4.0,1.0,44954.43,1.9,2024-03-21,2024-02-10,10,At-Risk
USR00477,lurker,Enugu,ios,102,18,4,4,4.0,1.0,0.0,1.9,2024-03-21,2024-01-12,10,At-Risk
USR00559,lurker,Abuja,ios,67,16,4,4,4.0,1.0,107931.31,1.9,2024-03-25,2024-02-13,6,Active
USR00099,lurker,Benin City,ios,192,17,4,4,4.0,1.0,109353.26,1.9,2024-03-29,2024-01-01,2,Active
USR00323,lurker,Abuja,android,273,16,4,4,4.0,1.0,117639.69,1.9,2024-03-07,2024-01-17,24,At-Risk
USR00376,lurker,Kano,ios,287,17,4,4,4.0,1.0,86952.24,1.9,2024-03-26,2024-01-01,5,Active
USR00184,lurker,Benin City,android,175,17,4,4,4.0,1.0,0.0,1.9,2024-03-18,2024-01-25,13,At-Risk
USR00383,lurker,Abuja,android,248,17,4,4,4.0,1.0,45462.31,1.9,2024-03-14,2024-01-05,17,At-Risk
USR00295,lurker,Benin City,android,224,17,4,4,4.0,1.0,0.0,1.9,2024-03-27,2024-01-09,4,Active
USR00239,lurker,Lagos,ios,30,17,4,4,4.0,1.0,0.0,1.9,2024-03-27,2024-01-16,4,Active
USR00089,lurker,Kano,ios,298,17,4,4,4.0,1.0,192431.49,1.9,2024-01-31,2024-01-04,60,Churned
USR00198,lurker,Kaduna,ios,365,17,4,4,4.0,1.0,227367.83,1.9,2024-02-25,2024-01-20,35,Churned
USR00368,lurker,Port Harcourt,android,28,18,4,4,4.0,1.0,368449.7,1.9,2024-03-17,2024-01-01,14,At-Risk
USR00045,lurker,Benin City,android,204,18,4,4,4.0,1.0,89140.35,1.9,2024-03-05,2024-01-05,26,At-Risk
USR00111,lurker,Lagos,ios,73,17,4,4,4.0,1.0,9915.84,1.9,2024-03-05,2024-01-15,26,At-Risk
USR00554,lurker,Kaduna,android,148,16,4,4,4.0,1.0,0.0,1.9,2024-03-14,2024-01-01,17,At-Risk
USR00465,lurker,Kano,web,199,16,4,4,4.0,1.0,83317.35,1.9,2024-03-01,2024-01-04,30,At-Risk
USR00513,lurker,Abuja,android,363,17,4,4,4.0,1.0,180082.78,1.9,2024-03-25,2024-01-31,6,Active
USR00335,lurker,Ibadan,ios,25,15,4,4,4.0,1.0,190060.18,1.9,2024-03-24,2024-02-18,7,Active
USR00055,lurker,Kaduna,android,62,15,4,4,4.0,1.0,293221.23,1.9,2024-03-28,2024-01-24,3,Active
USR00273,lurker,Port Harcourt,android,110,15,4,4,4.0,1.0,0.0,1.9,2024-03-10,2024-01-18,21,At-Risk
USR00516,lurker,Lagos,ios,145,5,1,1,1.0,2.0,450606.27,1.7,2024-02-19,2024-02-19,41,Churned
USR00130,lurker,Port Harcourt,android,146,5,1,1,1.0,2.0,167061.12,1.7,2024-02-13,2024-02-13,47,Churned
USR00366,lurker,Abuja,android,295,5,1,1,1.0,2.0,826263.86,1.7,2024-03-15,2024-03-15,16,At-Risk
USR00257,lurker,Ibadan,android,324,5,1,1,1.0,2.0,109955.39,1.7,2024-02-23,2024-02-23,37,Churned
USR00082,lurker,Ibadan,android,202,5,1,1,1.0,2.0,430985.08,1.7,2024-03-02,2024-03-02,29,At-Risk
USR00243,lurker,Benin City,ios,39,12,3,3,3.0,1.0,159708.03,1.6,2024-03-18,2024-01-26,13,At-Risk
USR00260,lurker,Kaduna,web,323,13,3,3,3.0,1.0,0.0,1.6,2024-03-25,2024-03-11,6,Active
USR00063,lurker,Kaduna,ios,101,11,3,3,3.0,1.0,185642.36,1.6,2024-03-27,2024-01-20,4,Active
USR00438,lurker,Kaduna,android,264,12,3,3,3.0,1.0,279634.08,1.6,2024-02-23,2024-01-08,37,Churned
USR00496,lurker,Port Harcourt,android,258,14,3,3,3.0,1.0,111891.84,1.6,2024-03-01,2024-02-10,30,At-Risk
USR00066,lurker,Kano,android,305,12,3,3,3.0,1.0,479823.44,1.6,2024-02-19,2024-02-06,41,Churned
USR00533,lurker,Benin City,android,94,14,3,3,3.0,1.0,1007.58,1.6,2024-03-15,2024-01-24,16,At-Risk
USR00345,lurker,Benin City,web,72,12,3,3,3.0,1.0,0.0,1.6,2024-03-26,2024-03-12,5,Active
USR00385,lurker,Benin City,android,130,11,3,3,3.0,1.0,212520.08,1.6,2024-03-30,2024-01-26,1,Active
USR00458,lurker,Lagos,android,192,12,3,2,3.0,1.0,320187.85,1.6,2024-01-23,2024-01-22,68,Churned
USR00450,lurker,Ibadan,ios,91,13,3,3,3.0,1.0,0.0,1.6,2024-03-17,2024-02-19,14,At-Risk
USR00151,lurker,Enugu,ios,182,13,3,3,3.0,1.0,0.0,1.6,2024-02-24,2024-02-09,36,Churned
USR00336,lurker,Benin City,web,317,13,3,3,3.0,1.0,0.0,1.6,2024-02-01,2024-01-12,59,Churned
USR00415,lurker,Lagos,android,286,13,3,3,3.0,1.0,115953.08,1.6,2024-03-14,2024-01-29,17,At-Risk
USR00300,lurker,Ibadan,ios,327,12,3,3,3.0,1.0,76226.46,1.6,2024-03-13,2024-01-30,18,At-Risk
USR00131,lurker,Port Harcourt,web,297,13,3,3,3.0,1.0,0.0,1.6,2024-03-23,2024-02-02,8,At-Risk
USR00114,lurker,Benin City,ios,365,12,3,3,3.0,1.0,0.0,1.6,2024-02-24,2024-01-04,36,Churned
USR00271,lurker,Abuja,android,305,12,3,3,3.0,1.0,180365.59,1.6,2024-01-29,2024-01-08,62,Churned
USR00218,lurker,Ibadan,ios,320,13,3,3,3.0,1.0,374233.96,1.6,2024-03-22,2024-02-06,9,At-Risk
USR00404,lurker,Kaduna,android,218,12,3,3,3.0,1.0,0.0,1.6,2024-03-05,2024-01-06,26,At-Risk
USR00255,lurker,Abuja,android,2,10,3,3,3.0,1.0,0.0,1.6,2024-03-20,2024-01-13,11,At-Risk
USR00044,lurker,Kano,android,282,12,3,3,3.0,1.0,0.0,1.6,2024-03-13,2024-01-19,18,At-Risk
USR00454,lurker,Abuja,android,298,11,3,3,3.0,1.0,0.0,1.6,2024-03-06,2024-02-05,25,At-Risk
USR00140,lurker,Ibadan,web,1,13,3,3,3.0,1.0,314379.11,1.6,2024-03-23,2024-01-24,8,At-Risk
USR00175,lurker,Benin City,android,159,11,3,3,3.0,1.0,0.0,1.6,2024-03-01,2024-01-05,30,At-Risk
USR00041,lurker,Enugu,ios,274,12,3,3,3.0,1.0,0.0,1.6,2024-02-17,2024-02-12,43,Churned
USR00219,lurker,Abuja,android,40,12,3,3,3.0,1.0,0.0,1.6,2024-02-27,2024-01-07,33,Churned
USR00129,lurker,Ibadan,android,45,8,2,2,2.0,1.0,74842.66,1.3,2024-02-26,2024-01-20,34,Churned
USR00406,lurker,Kaduna,web,262,8,2,2,2.0,1.0,100397.4,1.3,2024-03-18,2024-01-08,13,At-Risk
USR00026,lurker,Benin City,ios,79,7,2,2,2.0,1.0,23921.24,1.3,2024-01-17,2024-01-05,74,Churned
USR00468,lurker,Kaduna,ios,141,8,2,2,2.0,1.0,0.0,1.3,2024-01-14,2024-01-01,77,Churned
USR00535,lurker,Benin City,ios,231,10,2,2,2.0,1.0,389410.08,1.3,2024-02-15,2024-01-14,45,Churned
USR00561,lurker,Kano,ios,10,9,2,2,2.0,1.0,0.0,1.3,2024-03-28,2024-02-27,3,Active
USR00208,lurker,Lagos,ios,361,9,2,2,2.0,1.0,128787.05,1.3,2024-03-03,2024-01-05,28,At-Risk
USR00040,lurker,Abuja,android,93,7,2,2,2.0,1.0,302596.5,1.3,2024-03-25,2024-02-21,6,Active
USR00064,lurker,Kano,android,137,9,2,2,2.0,1.0,357804.74,1.3,2024-03-02,2024-01-21,29,At-Risk
USR00489,lurker,Kano,android,351,9,2,2,2.0,1.0,45938.76,1.3,2024-03-10,2024-01-12,21,At-Risk
USR00386,lurker,Lagos,ios,64,8,2,2,2.0,1.0,0.0,1.3,2024-02-26,2024-02-05,34,Churned
USR00505,lurker,Abuja,web,254,9,2,2,2.0,1.0,19448.0,1.3,2024-02-17,2024-01-23,43,Churned
USR00437,lurker,Ibadan,android,277,9,2,2,2.0,1.0,39490.1,1.3,2024-03-26,2024-03-01,5,Active
USR00379,lurker,Benin City,web,306,7,2,2,2.0,1.0,194528.0,1.3,2024-02-16,2024-01-04,44,Churned
USR00258,lurker,Enugu,android,236,9,2,2,2.0,1.0,15800.85,1.3,2024-03-07,2024-01-08,24,At-Risk
USR00022,lurker,Port Harcourt,android,135,9,2,2,2.0,1.0,0.0,1.3,2024-03-11,2024-03-09,20,At-Risk
USR00268,lurker,Lagos,android,317,9,2,2,2.0,1.0,193317.6,1.3,2024-03-20,2024-02-04,11,At-Risk
USR00286,lurker,Lagos,android,77,9,2,2,2.0,1.0,101650.2,1.3,2024-03-23,2024-03-14,8,At-Risk
USR00348,lurker,Kano,ios,143,7,2,2,2.0,1.0,11779.96,1.3,2024-03-24,2024-01-13,7,Active
USR00139,lurker,Benin City,android,93,8,2,2,2.0,1.0,189606.25,1.3,2024-02-20,2024-01-17,40,Churned
USR00490,lurker,Lagos,android,166,9,2,1,2.0,1.0,0.0,1.3,2024-02-28,2024-02-28,32,Churned
USR00058,lurker,Kano,android,345,9,2,2,2.0,1.0,0.0,1.3,2024-02-22,2024-01-08,38,Churned
USR00419,lurker,Benin City,ios,81,8,2,2,2.0,1.0,329636.54,1.3,2024-03-22,2024-03-01,9,At-Risk
USR00227,lurker,Benin City,android,155,8,2,2,2.0,1.0,0.0,1.3,2024-01-29,2024-01-12,62,Churned
USR00280,lurker,Port Harcourt,ios,268,8,2,2,2.0,1.0,144706.78,1.3,2024-02-12,2024-01-11,48,Churned
USR00358,lurker,Benin City,ios,71,10,2,2,2.0,1.0,0.0,1.3,2024-03-29,2024-03-02,2,Active
USR00461,lurker,Enugu,ios,11,9,2,2,2.0,1.0,387715.28,1.3,2024-02-14,2024-02-02,46,Churned
USR00374,lurker,Enugu,ios,211,8,2,2,2.0,1.0,0.0,1.3,2024-03-30,2024-02-04,1,Active
USR00263,lurker,Abuja,ios,330,8,2,2,2.0,1.0,132417.75,1.3,2024-03-06,2024-02-09,25,At-Risk
USR00485,lurker,Kano,android,137,7,2,2,2.0,1.0,342184.88,1.3,2024-03-03,2024-02-12,28,At-Risk
USR00506,lurker,Benin City,android,58,10,2,2,2.0,1.0,0.0,1.3,2024-01-19,2024-01-18,72,Churned
USR00083,lurker,Enugu,android,155,7,2,2,2.0,1.0,68436.08,1.3,2024-03-04,2024-01-11,27,At-Risk
USR00264,lurker,Benin City,web,9,9,2,2,2.0,1.0,0.0,1.3,2024-03-27,2024-01-08,4,Active
USR00225,lurker,Benin City,ios,86,9,2,2,2.0,1.0,0.0,1.3,2024-01-23,2024-01-05,68,Churned
USR00563,lurker,Abuja,android,59,16,4,4,4.0,0.0,0.0,1.2,2024-03-14,2024-01-25,17,At-Risk
USR00013,lurker,Benin City,ios,80,16,4,4,4.0,0.0,0.0,1.2,2024-03-26,2024-01-06,5,Active
USR00410,lurker,Port Harcourt,android,320,17,4,4,4.0,0.0,0.0,1.2,2024-03-25,2024-01-19,6,Active
USR00028,lurker,Abuja,android,67,19,4,4,4.0,0.0,0.0,1.2,2024-03-14,2024-01-08,17,At-Risk
USR00141,lurker,Abuja,ios,107,18,4,3,4.0,0.0,0.0,1.2,2024-03-28,2024-01-07,3,Active
USR00158,lurker,Benin City,web,79,16,4,4,4.0,0.0,0.0,1.2,2024-02-26,2024-01-22,34,Churned
USR00425,lurker,Ibadan,ios,353,16,4,4,4.0,0.0,0.0,1.2,2024-03-27,2024-01-15,4,Active
USR00149,lurker,Kaduna,web,29,19,4,4,4.0,0.0,0.0,1.2,2024-03-25,2024-02-02,6,Active
USR00169,lurker,Ibadan,ios,88,5,1,1,1.0,1.0,0.0,1.0,2024-01-12,2024-01-12,79,Churned
USR00289,lurker,Enugu,ios,233,4,1,1,1.0,1.0,171468.13,1.0,2024-02-07,2024-02-07,53,Churned
USR00233,lurker,Ibadan,ios,131,4,1,1,1.0,1.0,0.0,1.0,2024-01-26,2024-01-26,65,Churned
USR00265,lurker,Enugu,ios,22,4,1,1,1.0,1.0,338477.34,1.0,2024-01-03,2024-01-03,88,Churned
USR00279,lurker,Ibadan,android,244,4,1,1,1.0,1.0,126615.26,1.0,2024-03-06,2024-03-06,25,At-Risk
USR00393,lurker,Abuja,android,182,5,1,1,1.0,1.0,118017.33,1.0,2024-01-13,2024-01-13,78,Churned
USR00220,lurker,Ibadan,android,132,4,1,1,1.0,1.0,18616.49,1.0,2024-01-21,2024-01-21,70,Churned
USR00096,lurker,Lagos,ios,314,4,1,1,1.0,1.0,205606.26,1.0,2024-01-23,2024-01-23,68,Churned
USR00033,lurker,Abuja,android,328,4,1,1,1.0,1.0,0.0,1.0,2024-03-28,2024-03-28,3,New
USR00544,lurker,Kaduna,ios,276,4,1,1,1.0,1.0,345699.66,1.0,2024-02-08,2024-02-08,52,Churned
USR00188,lurker,Abuja,ios,91,5,1,1,1.0,1.0,0.0,1.0,2024-03-17,2024-03-17,14,At-Risk
USR00117,lurker,Benin City,ios,44,4,1,1,1.0,1.0,34019.18,1.0,2024-01-03,2024-01-03,88,Churned
USR00359,lurker,Kaduna,android,252,5,1,1,1.0,1.0,186384.88,1.0,2024-01-19,2024-01-19,72,Churned
USR00050,lurker,Ibadan,android,299,4,1,1,1.0,1.0,36979.21,1.0,2024-02-09,2024-02-09,51,Churned
USR00200,lurker,Kano,ios,185,3,1,1,1.0,1.0,2581.09,1.0,2024-01-12,2024-01-12,79,Churned
USR00098,lurker,Abuja,ios,245,4,1,1,1.0,1.0,0.0,1.0,2024-02-12,2024-02-12,48,Churned
USR00222,lurker,Port Harcourt,android,359,5,1,1,1.0,1.0,77167.69,1.0,2024-03-13,2024-03-13,18,At-Risk
USR00362,lurker,Benin City,android,341,4,1,1,1.0,1.0,0.0,1.0,2024-03-12,2024-03-12,19,At-Risk
USR00514,lurker,Ibadan,ios,3,5,1,1,1.0,1.0,0.0,1.0,2024-01-27,2024-01-27,64,Churned
USR00401,lurker,Kaduna,android,338,4,1,1,1.0,1.0,0.0,1.0,2024-02-26,2024-02-26,34,Churned
USR00298,lurker,Lagos,ios,31,4,1,1,1.0,1.0,0.0,1.0,2024-03-02,2024-03-02,29,At-Risk
USR00136,lurker,Abuja,android,353,5,1,1,1.0,1.0,0.0,1.0,2024-01-24,2024-01-24,67,Churned
USR00539,lurker,Benin City,ios,337,4,1,1,1.0,1.0,0.0,1.0,2024-03-15,2024-03-15,16,At-Risk
USR00436,lurker,Enugu,ios,334,5,1,1,1.0,1.0,276280.07,1.0,2024-03-11,2024-03-11,20,At-Risk
USR00277,lurker,Port Harcourt,android,250,4,1,1,1.0,1.0,123347.84,1.0,2024-01-11,2024-01-11,80,Churned
USR00384,lurker,Abuja,android,338,4,1,1,1.0,1.0,123519.52,1.0,2024-01-30,2024-01-30,61,Churned
USR00527,lurker,Abuja,android,224,5,1,1,1.0,1.0,0.0,1.0,2024-02-16,2024-02-16,44,Churned
USR00067,lurker,Ibadan,android,180,4,1,1,1.0,1.0,15223.34,1.0,2024-02-18,2024-02-18,42,Churned
USR00463,lurker,Kano,android,197,4,1,1,1.0,1.0,0.0,1.0,2024-03-09,2024-03-09,22,At-Risk
USR00391,lurker,Lagos,web,51,5,1,1,1.0,1.0,167496.28,1.0,2024-01-12,2024-01-12,79,Churned
USR00097,lurker,Kano,ios,119,3,1,1,1.0,1.0,355367.08,1.0,2024-01-20,2024-01-20,71,Churned
USR00303,lurker,Kaduna,ios,127,4,1,1,1.0,1.0,41032.58,1.0,2024-03-15,2024-03-15,16,At-Risk
USR00020,lurker,Benin City,android,96,3,1,1,1.0,1.0,5117.49,1.0,2024-02-19,2024-02-19,41,Churned
USR00427,lurker,Benin City,ios,217,5,1,1,1.0,1.0,0.0,1.0,2024-02-18,2024-02-18,42,Churned
USR00274,lurker,Enugu,android,141,5,1,1,1.0,1.0,0.0,1.0,2024-02-29,2024-02-29,31,Churned
USR00320,lurker,Benin City,ios,298,5,1,1,1.0,1.0,0.0,1.0,2024-02-23,2024-02-23,37,Churned
USR00418,lurker,Benin City,ios,351,5,1,1,1.0,1.0,101052.75,1.0,2024-01-01,2024-01-01,90,Churned
USR00191,lurker,Kano,ios,298,5,1,1,1.0,1.0,158969.65,1.0,2024-01-15,2024-01-15,76,Churned
USR00534,lurker,Kaduna,web,153,4,1,1,1.0,1.0,0.0,1.0,2024-02-24,2024-02-24,36,Churned
USR00412,lurker,Benin City,android,278,3,1,1,1.0,1.0,383256.63,1.0,2024-01-25,2024-01-25,66,Churned
USR00537,lurker,Ibadan,web,55,5,1,1,1.0,1.0,136953.45,1.0,2024-03-02,2024-03-02,29,At-Risk
USR00072,lurker,Abuja,android,242,4,1,1,1.0,1.0,0.0,1.0,2024-01-23,2024-01-23,68,Churned
USR00232,lurker,Kaduna,ios,334,5,1,1,1.0,1.0,63215.88,1.0,2024-01-18,2024-01-18,73,Churned
USR00524,lurker,Kaduna,ios,315,5,1,1,1.0,1.0,452828.4,1.0,2024-01-30,2024-01-30,61,Churned
USR00313,lurker,Lagos,web,37,13,3,3,3.0,0.0,0.0,0.9,2024-03-29,2024-02-03,2,Active
USR00488,lurker,Port Harcourt,android,135,11,3,3,3.0,0.0,0.0,0.9,2024-02-23,2024-01-12,37,Churned
USR00164,lurker,Ibadan,android,160,14,3,3,3.0,0.0,0.0,0.9,2024-03-18,2024-01-03,13,At-Risk
USR00495,lurker,Kaduna,ios,68,11,3,3,3.0,0.0,0.0,0.9,2024-03-26,2024-01-08,5,Active
USR00472,lurker,Lagos,ios,329,14,3,3,3.0,0.0,0.0,0.9,2024-03-16,2024-02-14,15,At-Risk
USR00007,lurker,Kano,android,349,12,3,3,3.0,0.0,0.0,0.9,2024-03-15,2024-01-06,16,At-Risk
USR00155,lurker,Kaduna,android,122,12,3,3,3.0,0.0,0.0,0.9,2024-03-20,2024-01-03,11,At-Risk
USR00087,lurker,Kano,android,294,12,3,3,3.0,0.0,0.0,0.9,2024-02-14,2024-01-01,46,Churned
USR00135,lurker,Kano,ios,314,13,3,3,3.0,0.0,0.0,0.9,2024-03-28,2024-01-13,3,Active
USR00464,lurker,Enugu,web,351,14,3,3,3.0,0.0,0.0,0.9,2024-03-19,2024-02-07,12,At-Risk
USR00512,lurker,Enugu,ios,55,11,3,3,3.0,0.0,0.0,0.9,2024-03-29,2024-02-09,2,Active
USR00530,lurker,Abuja,web,263,13,3,3,3.0,0.0,0.0,0.9,2024-03-23,2024-02-04,8,At-Risk
USR00144,lurker,Abuja,android,260,14,3,3,3.0,0.0,0.0,0.9,2024-02-12,2024-01-10,48,Churned
USR00250,lurker,Abuja,web,133,12,3,3,3.0,0.0,0.0,0.9,2024-03-29,2024-01-18,2,Active
USR00571,lurker,Enugu,android,71,12,3,3,3.0,0.0,0.0,0.9,2024-02-29,2024-01-26,31,Churned
USR00108,lurker,Lagos,ios,265,12,3,3,3.0,0.0,0.0,0.9,2024-03-20,2024-01-06,11,At-Risk
USR00509,lurker,Lagos,android,293,11,3,3,3.0,0.0,0.0,0.9,2024-03-08,2024-01-13,23,At-Risk
USR00422,lurker,Enugu,android,299,10,2,2,2.0,0.0,0.0,0.6,2024-03-20,2024-01-08,11,At-Risk
USR00170,lurker,Enugu,android,26,9,2,2,2.0,0.0,0.0,0.6,2024-02-02,2024-01-05,58,Churned
USR00421,lurker,Ibadan,android,15,8,2,2,2.0,0.0,0.0,0.6,2024-03-06,2024-01-19,25,At-Risk
USR00238,lurker,Enugu,android,146,9,2,2,2.0,0.0,0.0,0.6,2024-03-29,2024-02-13,2,Active
USR00395,lurker,Port Harcourt,android,185,10,2,2,2.0,0.0,0.0,0.6,2024-02-25,2024-02-22,35,Churned
USR00182,lurker,Abuja,ios,273,8,2,2,2.0,0.0,0.0,0.6,2024-03-02,2024-02-06,29,At-Risk
USR00076,lurker,Ibadan,android,336,9,2,2,2.0,0.0,0.0,0.6,2024-01-26,2024-01-05,65,Churned
USR00498,lurker,Port Harcourt,android,161,8,2,2,2.0,0.0,0.0,0.6,2024-01-31,2024-01-02,60,Churned
USR00566,lurker,Abuja,ios,225,8,2,2,2.0,0.0,0.0,0.6,2024-03-10,2024-01-13,21,At-Risk
USR00546,lurker,Port Harcourt,ios,228,9,2,2,2.0,0.0,0.0,0.6,2024-02-09,2024-02-08,51,Churned
USR00355,lurker,Abuja,android,156,9,2,2,2.0,0.0,0.0,0.6,2024-03-02,2024-02-10,29,At-Risk
USR00504,lurker,Lagos,android,84,9,2,2,2.0,0.0,0.0,0.6,2024-03-22,2024-02-11,9,At-Risk
USR00342,lurker,Benin City,ios,235,9,2,2,2.0,0.0,0.0,0.6,2024-02-15,2024-01-29,45,Churned
USR00382,lurker,Ibadan,android,67,8,2,2,2.0,0.0,0.0,0.6,2024-03-10,2024-02-18,21,At-Risk
USR00086,lurker,Kaduna,ios,45,9,2,2,2.0,0.0,0.0,0.6,2024-02-18,2024-01-22,42,Churned
USR00223,lurker,Lagos,android,44,9,2,2,2.0,0.0,0.0,0.6,2024-03-13,2024-03-02,18,At-Risk
USR00128,lurker,Lagos,android,17,9,2,2,2.0,0.0,0.0,0.6,2024-02-08,2024-01-07,52,Churned
USR00523,lurker,Kaduna,android,289,9,2,2,2.0,0.0,0.0,0.6,2024-02-07,2024-01-22,53,Churned
USR00531,lurker,Kaduna,android,339,8,2,2,2.0,0.0,0.0,0.6,2024-02-27,2024-01-20,33,Churned
USR00394,lurker,Kano,android,161,10,2,2,2.0,0.0,0.0,0.6,2024-03-05,2024-01-09,26,At-Risk
USR00474,lurker,Ibadan,android,43,9,2,2,2.0,0.0,0.0,0.6,2024-03-27,2024-01-17,4,Active
USR00285,lurker,Kano,android,321,6,2,2,2.0,0.0,0.0,0.6,2024-01-15,2024-01-08,76,Churned
USR00431,lurker,Enugu,android,154,8,2,2,2.0,0.0,0.0,0.6,2024-02-05,2024-01-29,55,Churned
USR00138,lurker,Enugu,web,315,9,2,2,2.0,0.0,0.0,0.6,2024-03-21,2024-01-28,10,At-Risk
USR00010,lurker,Lagos,web,112,9,2,2,2.0,0.0,0.0,0.6,2024-03-20,2024-03-01,11,At-Risk
USR00487,lurker,Ibadan,ios,97,9,2,2,2.0,0.0,0.0,0.6,2024-03-03,2024-01-25,28,At-Risk
USR00203,lurker,Kaduna,web,357,4,1,1,1.0,0.0,0.0,0.3,2024-02-10,2024-02-10,50,Churned
USR00564,lurker,Kano,android,175,4,1,1,1.0,0.0,0.0,0.3,2024-02-05,2024-02-05,55,Churned
USR00284,lurker,Abuja,web,49,4,1,1,1.0,0.0,0.0,0.3,2024-01-03,2024-01-03,88,Churned
USR00482,lurker,Port Harcourt,android,189,4,1,1,1.0,0.0,0.0,0.3,2024-01-08,2024-01-08,83,Churned
USR00073,lurker,Kano,android,268,4,1,1,1.0,0.0,0.0,0.3,2024-01-16,2024-01-16,75,Churned
USR00261,lurker,Abuja,web,225,4,1,1,1.0,0.0,0.0,0.3,2024-02-09,2024-02-09,51,Churned
USR00549,lurker,Kaduna,web,254,4,1,1,1.0,0.0,0.0,0.3,2024-01-11,2024-01-11,80,Churned
USR00350,lurker,Benin City,android,310,4,1,1,1.0,0.0,0.0,0.3,2024-03-03,2024-03-03,28,At-Risk
USR00369,lurker,Enugu,android,150,4,1,1,1.0,0.0,0.0,0.3,2024-03-05,2024-03-05,26,At-Risk
USR00113,lurker,Port Harcourt,android,166,4,1,1,1.0,0.0,0.0,0.3,2024-03-07,2024-03-07,24,At-Risk
USR00011,lurker,Kaduna,android,86,5,1,1,1.0,0.0,0.0,0.3,2024-03-09,2024-03-09,22,At-Risk
USR00402,lurker,Port Harcourt,android,356,3,1,1,1.0,0.0,0.0,0.3,2024-03-11,2024-03-11,20,At-Risk
USR00519,lurker,Kano,android,207,4,1,1,1.0,0.0,0.0,0.3,2024-03-20,2024-03-20,11,At-Risk
USR00009,lurker,Ibadan,android,153,4,1,1,1.0,0.0,0.0,0.3,2024-03-23,2024-03-23,8,At-Risk
USR00542,lurker,Kano,android,9,4,1,1,1.0,0.0,0.0,0.3,2024-03-26,2024-03-26,5,New
USR00276,lurker,Lagos,android,324,4,1,1,1.0,0.0,0.0,0.3,2024-01-23,2024-01-23,68,Churned
USR00491,lurker,Kano,ios,363,5,1,1,1.0,0.0,0.0,0.3,2024-01-23,2024-01-23,68,Churned
USR00327,lurker,Abuja,ios,255,5,1,1,1.0,0.0,0.0,0.3,2024-01-06,2024-01-06,85,Churned
USR00120,lurker,Port Harcourt,android,365,4,1,1,1.0,0.0,0.0,0.3,2024-02-23,2024-02-23,37,Churned
USR00319,lurker,Kano,android,172,5,1,1,1.0,0.0,0.0,0.3,2024-03-02,2024-03-02,29,At-Risk
USR00178,lurker,Enugu,ios,167,4,1,1,1.0,0.0,0.0,0.3,2024-02-24,2024-02-24,36,Churned
USR00145,lurker,Lagos,android,171,5,1,1,1.0,0.0,0.0,0.3,2024-02-03,2024-02-03,57,Churned
USR00101,lurker,Kaduna,ios,8,3,1,1,1.0,0.0,0.0,0.3,2024-02-13,2024-02-13,47,Churned
USR00079,lurker,Kaduna,android,364,4,1,1,1.0,0.0,0.0,0.3,2024-02-13,2024-02-13,47,Churned
USR00340,lurker,Lagos,ios,177,4,1,1,1.0,0.0,0.0,0.3,2024-02-05,2024-02-05,55,Churned
USR00217,lurker,Benin City,ios,294,4,1,1,1.0,0.0,0.0,0.3,2024-01-18,2024-01-18,73,Churned
USR00370,lurker,Abuja,android,322,5,1,1,1.0,0.0,0.0,0.3,2024-03-22,2024-03-22,9,At-Risk
USR00162,lurker,Abuja,android,23,5,1,1,1.0,0.0,0.0,0.3,2024-01-29,2024-01-29,62,Churned
USR00213,lurker,Lagos,web,274,3,1,1,1.0,0.0,0.0,0.3,2024-01-17,2024-01-17,74,Churned
USR00134,lurker,Port Harcourt,android,141,4,1,1,1.0,0.0,0.0,0.3,2024-02-09,2024-02-09,51,Churned
USR00322,lurker,Ibadan,android,191,5,1,1,1.0,0.0,0.0,0.3,2024-03-05,2024-03-05,26,At-Risk
USR00090,lurker,Kano,web,159,5,1,1,1.0,0.0,0.0,0.3,2024-03-08,2024-03-08,23,At-Risk
USR00240,lurker,Kano,web,327,5,1,1,1.0,0.0,0.0,0.3,2024-02-21,2024-02-21,39,Churned
USR00202,lurker,Benin City,ios,70,3,1,1,1.0,0.0,0.0,0.3,2024-02-20,2024-02-20,40,Churned
USR00388,lurker,Ibadan,web,179,4,1,1,1.0,0.0,0.0,0.3,2024-02-12,2024-02-12,48,Churned
USR00297,lurker,Kano,ios,139,4,1,1,1.0,0.0,0.0,0.3,2024-02-02,2024-02-02,58,Churned
USR00417,lurker,Ibadan,ios,250,4,1,1,1.0,0.0,0.0,0.3,2024-02-03,2024-02-03,57,Churned
USR00209,lurker,Benin City,web,41,4,1,1,1.0,0.0,0.0,0.3,2024-03-21,2024-03-21,10,At-Risk
USR00493,lurker,Kano,android,182,3,1,1,1.0,0.0,0.0,0.3,2024-03-24,2024-03-24,7,New
USR00074,lurker,Port Harcourt,ios,343,5,1,1,1.0,0.0,0.0,0.3,2024-03-28,2024-03-28,3,New
USR00555,lurker,Benin City,android,113,5,1,1,1.0,0.0,0.0,0.3,2024-03-28,2024-03-28,3,New
USR00259,lurker,Port Harcourt,ios,197,5,1,1,1.0,0.0,0.0,0.3,2024-03-29,2024-03-29,2,New
USR00455,lurker,Abuja,android,63,3,1,1,1.0,0.0,0.0,0.3,2024-02-28,2024-02-28,32,Churned
USR00439,lurker,Port Harcourt,web,322,4,1,1,1.0,0.0,0.0,0.3,2024-01-22,2024-01-22,69,Churned
USR00341,lurker,Port Harcourt,android,63,4,1,1,1.0,0.0,0.0,0.3,2024-02-09,2024-02-09,51,Churned
USR00266,lurker,Benin City,web,275,4,1,1,1.0,0.0,0.0,0.3,2024-02-27,2024-02-27,33,Churned
USR00290,lurker,Lagos,web,91,5,1,1,1.0,0.0,0.0,0.3,2024-02-25,2024-02-25,35,Churned
USR00157,lurker,Lagos,ios,48,4,1,1,1.0,0.0,0.0,0.3,2024-01-26,2024-01-26,65,Churned
USR00234,lurker,Benin City,ios,124,3,1,1,1.0,0.0,0.0,0.3,2024-03-06,2024-03-06,25,At-Risk
USR00321,lurker,Kano,android,137,5,1,1,1.0,0.0,0.0,0.3,2024-01-16,2024-01-16,75,Churned
USR00296,lurker,Benin City,android,192,4,1,1,1.0,0.0,0.0,0.3,2024-03-07,2024-03-07,24,At-Risk
USR00435,lurker,Ibadan,android,272,4,1,1,1.0,0.0,0.0,0.3,2024-03-14,2024-03-14,17,At-Risk
USR00034,lurker,Kaduna,ios,363,5,1,1,1.0,0.0,0.0,0.3,2024-03-15,2024-03-15,16,At-Risk
USR00127,lurker,Kano,android,76,4,1,1,1.0,0.0,0.0,0.3,2024-02-07,2024-02-07,53,Churned
USR00088,lurker,Ibadan,web,169,5,1,1,1.0,0.0,0.0,0.3,2024-01-05,2024-01-05,86,Churned
